[{"model": "house.house", "pk": 1, "fields": {"created": "2019-04-22T17:19:21.567Z", "modified": "2019-04-23T17:14:27.602Z", "region": 10, "name": "Tarly", "description": "", "sigil_description": "", "sigil_image_url": null, "motto": null}}, {"model": "house.house", "pk": 2, "fields": {"created": "2019-04-22T17:20:18.615Z", "modified": "2019-04-22T17:20:18.615Z", "region": 1, "name": "Stark", "description": "", "sigil_description": "Direwolf", "sigil_image_url": null, "motto": null}}, {"model": "house.house", "pk": 3, "fields": {"created": "2019-04-22T17:20:30.622Z", "modified": "2019-04-22T17:31:37.343Z", "region": 2, "name": "Lannister", "description": "", "sigil_description": "Lion", "sigil_image_url": null, "motto": null}}, {"model": "house.house", "pk": 4, "fields": {"created": "2019-04-22T17:20:52.170Z", "modified": "2019-04-22T17:20:52.170Z", "region": 4, "name": "Tully", "description": "", "sigil_description": "", "sigil_image_url": null, "motto": null}}, {"model": "house.house", "pk": 5, "fields": {"created": "2019-04-22T17:21:01.324Z", "modified": "2019-04-22T17:21:01.324Z", "region": 10, "name": "Bolton", "description": "", "sigil_description": "", "sigil_image_url": null, "motto": null}}, {"model": "house.house", "pk": 6, "fields": {"created": "2019-04-22T17:21:11.955Z", "modified": "2019-04-22T17:21:11.955Z", "region": 5, "name": "Frey", "description": "", "sigil_description": "", "sigil_image_url": null, "motto": null}}, {"model": "house.house", "pk": 7, "fields": {"created": "2019-04-22T17:28:03.057Z", "modified": "2019-04-22T17:28:03.057Z", "region": 7, "name": "Greyjoy", "description": "", "sigil_description": "", "sigil_image_url": null, "motto": null}}, {"model": "house.house", "pk": 8, "fields": {"created": "2019-04-22T17:31:59.594Z", "modified": "2019-04-22T17:31:59.594Z", "region": 10, "name": "Baratheon", "description": "", "sigil_description": "", "sigil_image_url": null, "motto": null}}, {"model": "house.house", "pk": 9, "fields": {"created": "2019-04-22T17:32:18.249Z", "modified": "2019-04-23T17:18:10.810Z", "region": 11, "name": "Tyrell", "description": "", "sigil_description": "A golden rose on a green field.", "sigil_image_url": null, "motto": "Growing strong"}}, {"model": "house.house", "pk": 10, "fields": {"created": "2019-04-22T17:39:51.242Z", "modified": "2019-04-22T17:39:51.242Z", "region": 10, "name": "Unknown", "description": "", "sigil_description": "", "sigil_image_url": null, "motto": null}}, {"model": "person.deathcause", "pk": 1, "fields": {"created": "2019-04-22T17:08:10.983Z", "modified": "2019-04-22T17:08:10.983Z", "description": "Immolation"}}, {"model": "person.deathcause", "pk": 2, "fields": {"created": "2019-04-22T17:08:19.383Z", "modified": "2019-04-22T17:08:19.383Z", "description": "Hanging"}}, {"model": "person.deathcause", "pk": 3, "fields": {"created": "2019-04-22T17:08:24.654Z", "modified": "2019-04-22T17:08:24.654Z", "description": "Beheading"}}, {"model": "person.deathcause", "pk": 4, "fields": {"created": "2019-04-22T17:08:44.237Z", "modified": "2019-04-22T17:08:44.237Z", "description": "Torture"}}, {"model": "person.deathcause", "pk": 5, "fields": {"created": "2019-04-22T17:14:04.059Z", "modified": "2019-04-22T17:14:04.059Z", "description": "Strangulation"}}, {"model": "person.deathcause", "pk": 6, "fields": {"created": "2019-04-22T17:15:40.909Z", "modified": "2019-04-22T17:15:40.909Z", "description": "Jumping off a building"}}, {"model": "person.deathcause", "pk": 7, "fields": {"created": "2019-04-22T17:15:51.725Z", "modified": "2019-04-22T17:15:51.725Z", "description": "Fall"}}, {"model": "person.deathcause", "pk": 8, "fields": {"created": "2019-04-22T17:16:03.757Z", "modified": "2019-04-22T17:16:03.757Z", "description": "Unknown disease"}}, {"model": "person.deathcause", "pk": 9, "fields": {"created": "2019-04-22T17:16:12.181Z", "modified": "2019-04-22T17:16:12.181Z", "description": "Greyscale"}}, {"model": "person.deathcause", "pk": 10, "fields": {"created": "2019-04-22T17:16:23.117Z", "modified": "2019-04-22T17:16:23.117Z", "description": "Throat slit"}}, {"model": "person.deathcause", "pk": 11, "fields": {"created": "2019-04-22T17:16:42.281Z", "modified": "2019-04-22T17:16:42.281Z", "description": "Broken neck"}}, {"model": "person.deathcause", "pk": 12, "fields": {"created": "2019-04-22T17:16:51.047Z", "modified": "2019-04-22T17:16:51.047Z", "description": "Shock"}}, {"model": "person.deathcause", "pk": 13, "fields": {"created": "2019-04-22T17:16:56.412Z", "modified": "2019-04-22T17:16:56.412Z", "description": "Heart attack"}}, {"model": "person.deathcause", "pk": 14, "fields": {"created": "2019-04-22T17:17:04.804Z", "modified": "2019-04-22T17:17:04.804Z", "description": "Poisoning"}}, {"model": "person.deathcause", "pk": 15, "fields": {"created": "2019-04-22T17:17:24.905Z", "modified": "2019-04-22T17:17:24.905Z", "description": "Battle injury"}}, {"model": "person.deathcause", "pk": 16, "fields": {"created": "2019-04-22T17:24:18.754Z", "modified": "2019-04-22T17:24:18.754Z", "description": "Arrow shot"}}, {"model": "person.deathcause", "pk": 17, "fields": {"created": "2019-04-22T17:30:11.632Z", "modified": "2019-04-22T17:30:11.632Z", "description": "Explosion"}}, {"model": "person.deathcause", "pk": 18, "fields": {"created": "2019-04-22T17:40:09.521Z", "modified": "2019-04-22T17:40:09.521Z", "description": "Stabbing"}}, {"model": "person.person", "pk": 1, "fields": {"created": "2019-04-22T17:24:53.525Z", "modified": "2019-04-22T17:36:59.155Z", "house": 3, "description": "", "first_name": "Tyrion", "last_name": "Lannister", "gender": "Male", "is_dead": false, "cause_of_death": null, "nature_of_death": null, "murdered_by": null, "father": 2, "mother": null, "spouse": 8, "sibling_order": 3}}, {"model": "person.person", "pk": 2, "fields": {"created": "2019-04-22T17:25:12.232Z", "modified": "2019-04-22T17:25:12.232Z", "house": 3, "description": "", "first_name": "Tywin", "last_name": "Lannister", "gender": "Male", "is_dead": true, "cause_of_death": 16, "nature_of_death": "homicide", "murdered_by": 1, "father": null, "mother": null, "spouse": null, "sibling_order": 0}}, {"model": "person.person", "pk": 3, "fields": {"created": "2019-04-22T17:26:52.663Z", "modified": "2019-04-22T17:26:59.849Z", "house": 3, "description": "", "first_name": "Cersei", "last_name": "Lannister", "gender": "Female", "is_dead": false, "cause_of_death": null, "nature_of_death": null, "murdered_by": null, "father": 2, "mother": null, "spouse": null, "sibling_order": 2}}, {"model": "person.person", "pk": 4, "fields": {"created": "2019-04-22T17:30:21.115Z", "modified": "2019-04-22T17:36:59.134Z", "house": 3, "description": null, "first_name": "Jaime", "last_name": "Lannister", "gender": "Male", "is_dead": false, "cause_of_death": null, "nature_of_death": null, "murdered_by": null, "father": 2, "mother": null, "spouse": null, "sibling_order": 1}}, {"model": "person.person", "pk": 5, "fields": {"created": "2019-04-22T17:30:21.122Z", "modified": "2019-04-22T17:36:59.060Z", "house": 3, "description": null, "first_name": "Lancel", "last_name": "Lannister", "gender": "Male", "is_dead": true, "cause_of_death": 17, "nature_of_death": "homicide", "murdered_by": null, "father": 6, "mother": null, "spouse": null, "sibling_order": 0}}, {"model": "person.person", "pk": 6, "fields": {"created": "2019-04-22T17:31:37.350Z", "modified": "2019-04-22T17:31:37.350Z", "house": 3, "description": null, "first_name": "Kevan", "last_name": "Lannister", "gender": "Male", "is_dead": false, "cause_of_death": null, "nature_of_death": null, "murdered_by": null, "father": null, "mother": null, "spouse": null, "sibling_order": 0}}, {"model": "person.person", "pk": 7, "fields": {"created": "2019-04-22T17:36:19.861Z", "modified": "2019-04-22T17:36:19.861Z", "house": 2, "description": "", "first_name": "Catelyn", "last_name": "Stark", "gender": "Female", "is_dead": true, "cause_of_death": 10, "nature_of_death": "homicide", "murdered_by": null, "father": null, "mother": null, "spouse": null, "sibling_order": 0}}, {"model": "person.person", "pk": 8, "fields": {"created": "2019-04-22T17:36:33.621Z", "modified": "2019-04-22T17:36:33.621Z", "house": 2, "description": "", "first_name": "Sansa", "last_name": "Stark", "gender": "Female", "is_dead": false, "cause_of_death": null, "nature_of_death": null, "murdered_by": null, "father": null, "mother": 7, "spouse": null, "sibling_order": 0}}, {"model": "person.person", "pk": 9, "fields": {"created": "2019-04-22T17:37:30.533Z", "modified": "2019-04-22T17:38:49.282Z", "house": 2, "description": "", "first_name": "Eddard", "last_name": "Stark", "gender": "Male", "is_dead": true, "cause_of_death": 3, "nature_of_death": null, "murdered_by": null, "father": null, "mother": null, "spouse": 7, "sibling_order": 0}}, {"model": "person.person", "pk": 10, "fields": {"created": "2019-04-22T17:40:28.133Z", "modified": "2019-04-22T17:40:49.628Z", "house": 10, "description": "", "first_name": "Talisa", "last_name": null, "gender": "Female", "is_dead": true, "cause_of_death": 18, "nature_of_death": "homicide", "murdered_by": null, "father": null, "mother": null, "spouse": 11, "sibling_order": 0}}, {"model": "person.person", "pk": 11, "fields": {"created": "2019-04-22T17:40:39.636Z", "modified": "2019-04-22T17:41:09.468Z", "house": 2, "description": "", "first_name": "Robb", "last_name": "Stark", "gender": "Male", "is_dead": true, "cause_of_death": 10, "nature_of_death": "homicide", "murdered_by": null, "father": 9, "mother": 7, "spouse": 10, "sibling_order": 0}}, {"model": "person.person", "pk": 12, "fields": {"created": "2019-04-22T17:43:21.558Z", "modified": "2019-04-22T17:43:21.558Z", "house": 9, "description": "", "first_name": "Olenna", "last_name": "Tyrell", "gender": "Female", "is_dead": true, "cause_of_death": 14, "nature_of_death": "homicide", "murdered_by": 4, "father": null, "mother": null, "spouse": null, "sibling_order": 0}}, {"model": "person.person", "pk": 13, "fields": {"created": "2019-04-22T17:43:44.584Z", "modified": "2019-04-23T17:18:45.262Z", "house": 9, "description": "", "first_name": "Margaery", "last_name": "Tyrell", "gender": "Female", "is_dead": true, "cause_of_death": 17, "nature_of_death": "homicide", "murdered_by": 3, "father": 17, "mother": null, "spouse": null, "sibling_order": 1}}, {"model": "person.person", "pk": 14, "fields": {"created": "2019-04-22T17:45:11.188Z", "modified": "2019-04-22T17:45:11.188Z", "house": 8, "description": "", "first_name": "Joffrey", "last_name": "Baratheon", "gender": "Male", "is_dead": true, "cause_of_death": 14, "nature_of_death": "homicide", "murdered_by": 12, "father": 4, "mother": 3, "spouse": 13, "sibling_order": 1}}, {"model": "person.person", "pk": 15, "fields": {"created": "2019-04-22T17:46:03.820Z", "modified": "2019-04-22T17:46:03.820Z", "house": 8, "description": "", "first_name": "Tommen", "last_name": "Baratheon", "gender": "Male", "is_dead": true, "cause_of_death": 6, "nature_of_death": "suicide", "murdered_by": null, "father": 4, "mother": 3, "spouse": 13, "sibling_order": 2}}, {"model": "person.person", "pk": 16, "fields": {"created": "2019-04-22T17:47:43.414Z", "modified": "2019-04-23T17:18:45.278Z", "house": 9, "description": "", "first_name": "Loras", "last_name": "Tyrell", "gender": "Male", "is_dead": true, "cause_of_death": 17, "nature_of_death": "homicide", "murdered_by": 3, "father": 17, "mother": null, "spouse": null, "sibling_order": 2}}, {"model": "person.person", "pk": 17, "fields": {"created": "2019-04-23T17:18:10.818Z", "modified": "2019-04-23T17:18:45.237Z", "house": 9, "description": null, "first_name": "Mace", "last_name": "Tyrell", "gender": "Male", "is_dead": false, "cause_of_death": 17, "nature_of_death": "homicide", "murdered_by": null, "father": null, "mother": 12, "spouse": null, "sibling_order": 0}}, {"model": "person.alias", "pk": 1, "fields": {"created": "2019-04-22T17:24:53.533Z", "modified": "2019-04-22T17:24:53.533Z", "person": 1, "name": "imp"}}, {"model": "person.alias", "pk": 2, "fields": {"created": "2019-04-22T17:38:49.299Z", "modified": "2019-04-22T17:38:49.299Z", "person": 9, "name": "Ned"}}, {"model": "person.alias", "pk": 3, "fields": {"created": "2019-04-22T17:41:09.483Z", "modified": "2019-04-22T17:41:09.483Z", "person": 11, "name": "Young Wolf"}}, {"model": "person.title", "pk": 1, "fields": {"created": "2019-04-22T17:25:12.239Z", "modified": "2019-04-22T17:25:12.239Z", "person": 2, "name": "Hand of the King"}}, {"model": "person.title", "pk": 2, "fields": {"created": "2019-04-22T17:26:52.671Z", "modified": "2019-04-22T17:26:52.671Z", "person": 3, "name": "Queen Regent"}}, {"model": "person.title", "pk": 3, "fields": {"created": "2019-04-22T17:26:52.678Z", "modified": "2019-04-22T17:26:52.678Z", "person": 3, "name": "Queen"}}, {"model": "person.title", "pk": 4, "fields": {"created": "2019-04-22T17:36:33.632Z", "modified": "2019-04-22T17:36:33.632Z", "person": 8, "name": "Lady of Winterfell"}}, {"model": "person.title", "pk": 5, "fields": {"created": "2019-04-22T17:38:49.290Z", "modified": "2019-04-22T17:38:49.290Z", "person": 9, "name": "King in the North"}}, {"model": "person.title", "pk": 6, "fields": {"created": "2019-04-22T17:41:09.475Z", "modified": "2019-04-22T17:41:09.475Z", "person": 11, "name": "King in the North"}}, {"model": "person.title", "pk": 7, "fields": {"created": "2019-04-22T17:43:44.591Z", "modified": "2019-04-22T17:43:44.591Z", "person": 13, "name": "Queen of the Seven Kingdoms"}}, {"model": "person.title", "pk": 8, "fields": {"created": "2019-04-22T17:45:11.195Z", "modified": "2019-04-22T17:45:11.195Z", "person": 14, "name": "King of the Seven Kingdoms"}}, {"model": "person.title", "pk": 9, "fields": {"created": "2019-04-22T17:46:03.827Z", "modified": "2019-04-22T17:46:03.827Z", "person": 15, "name": "King of the Seven Kingdoms"}}, {"model": "region.region", "pk": 1, "fields": {"created": "2019-04-22T17:09:14.211Z", "modified": "2019-04-22T17:09:14.211Z", "name": "Winterfell", "description": "", "continent": "Westeros"}}, {"model": "region.region", "pk": 2, "fields": {"created": "2019-04-22T17:09:45.989Z", "modified": "2019-04-22T17:09:45.989Z", "name": "Casterly Rock", "description": "", "continent": "Westeros"}}, {"model": "region.region", "pk": 3, "fields": {"created": "2019-04-22T17:09:51.777Z", "modified": "2019-04-22T17:09:51.777Z", "name": "King's Landing", "description": "", "continent": "Westeros"}}, {"model": "region.region", "pk": 4, "fields": {"created": "2019-04-22T17:09:57.868Z", "modified": "2019-04-23T17:20:07.156Z", "name": "Riverland", "description": "", "continent": "Westeros"}}, {"model": "region.region", "pk": 5, "fields": {"created": "2019-04-22T17:10:07.532Z", "modified": "2019-04-22T17:10:07.532Z", "name": "Twins", "description": "", "continent": "Westeros"}}, {"model": "region.region", "pk": 6, "fields": {"created": "2019-04-22T17:10:15.533Z", "modified": "2019-04-22T17:10:15.533Z", "name": "Bear Island", "description": "", "continent": "Westeros"}}, {"model": "region.region", "pk": 7, "fields": {"created": "2019-04-22T17:10:27.031Z", "modified": "2019-04-22T17:10:27.031Z", "name": "Iron Islands", "description": "", "continent": "Westeros"}}, {"model": "region.region", "pk": 8, "fields": {"created": "2019-04-22T17:13:35.805Z", "modified": "2019-04-22T17:13:35.805Z", "name": "Qarth", "description": "", "continent": "Essos"}}, {"model": "region.region", "pk": 9, "fields": {"created": "2019-04-22T17:13:51.461Z", "modified": "2019-04-22T17:13:51.461Z", "name": "Pentos", "description": "", "continent": "Essos"}}, {"model": "region.region", "pk": 10, "fields": {"created": "2019-04-22T17:18:05.683Z", "modified": "2019-04-22T17:18:05.683Z", "name": "Unknown", "description": "", "continent": "Unknown"}}, {"model": "region.region", "pk": 11, "fields": {"created": "2019-04-23T17:15:56.546Z", "modified": "2019-04-23T17:15:56.546Z", "name": "The Reach", "description": "", "continent": "Westeros"}}, {"model": "region.region", "pk": 12, "fields": {"created": "2019-04-23T17:20:30.875Z", "modified": "2019-04-23T17:20:30.875Z", "name": "Dorne", "description": "", "continent": "Essos"}}]